{"fp_bpp": [1.0496826171875], "hp_bpp": [0.52484130859375], "fp_psnr": [26.38545274734497], "hp_psnr": [26.3744854927063]}