{"fp_bpp": [0.9129638671875], "hp_bpp": [0.45648193359375], "fp_psnr": [22.43692398071289], "hp_psnr": [22.397687435150146]}