{"fp_bpp": [1.1905517578125], "hp_bpp": [0.59661865234375], "fp_psnr": [30.891873836517334], "hp_psnr": [30.8622145652771]}