{"fp_bpp": [1.1180419921875], "hp_bpp": [0.55902099609375], "fp_psnr": [29.957292079925537], "hp_psnr": [29.845304489135742]}