{"fp_bpp": [0.9813232421875], "hp_bpp": [0.49066162109375], "fp_psnr": [29.573771953582764], "hp_psnr": [29.494707584381104]}