{"fp_bpp": [0.9129638671875], "hp_bpp": [0.45648193359375], "fp_psnr": [30.420780181884766], "hp_psnr": [30.338096618652344]}