{"fp_bpp": [1.1180419921875], "hp_bpp": [0.55902099609375], "fp_psnr": [30.346314907073975], "hp_psnr": [30.32435417175293]}