{"fp_bpp": [0.9813232421875], "hp_bpp": [0.49066162109375], "fp_psnr": [28.696575164794922], "hp_psnr": [28.5994815826416]}