{"fp_bpp": [0.9813232421875], "hp_bpp": [0.49066162109375], "fp_psnr": [29.890453815460205], "hp_psnr": [NaN]}