{"fp_bpp": [1.0538330078125], "hp_bpp": [0.52825927734375], "fp_psnr": [29.736196994781494], "hp_psnr": [29.600036144256592]}