{"fp_bpp": [1.1180419921875], "hp_bpp": [0.55902099609375], "fp_psnr": [30.928709506988525], "hp_psnr": [NaN]}